latitude,longitude,bright_ti4,scan,track,acq_date,acq_time,satellite,confidence,version,bright_ti5,frp,daynight
38.49621,100.90762,332.36,0.52,0.67,2026-08-24,0525,N,nominal,2.0NRT,301.53,2.89,D
20.96418,94.86232,333.63,0.39,0.36,2026-08-24,0701,N,nominal,2.0NRT,291.78,1.74,D
22.73743,100.50676,343.66,0.4,0.45,2026-08-24,0701,N,nominal,2.0NRT,290.28,8.98,D
22.79431,100.87514,332.19,0.43,0.46,2026-08-24,0701,N,nominal,2.0NRT,295.18,3.12,D
22.97566,100.16389,334.98,0.39,0.44,2026-08-24,0701,N,nominal,2.0NRT,290.48,2.25,D
23.99773,101.07072,328.2,0.45,0.47,2026-08-24,0701,N,nominal,2.0NRT,286.88,4.56,D
26.62234,101.59583,332.77,0.53,0.5,2026-08-24,0701,N,nominal,2.0NRT,293.98,4.17,D
29.66766,91.91384,329.32,0.39,0.36,2026-08-24,0703,N,nominal,2.0NRT,292.36,2.43,D
29.08405,88.01155,330.14,0.55,0.43,2026-08-24,0703,N,nominal,2.0NRT,304.52,4.66,D
31.99853,78.5369,333.62,0.54,0.68,2026-08-24,0705,N,nominal,2.0NRT,298.58,4.85,D
6.52771,81.11231,332.84,0.59,0.53,2026-08-24,0837,N,nominal,2.0NRT,294.46,4.55,D
6.74807,81.51759,332.68,0.32,0.55,2026-08-24,0837,N,nominal,2.0NRT,291.31,2.92,D
36.74884,101.49651,333.12,0.34,0.56,2026-08-24,0705,N,nominal,2.0NRT,298.49,2.23,D
6.71762,81.08398,336.16,0.6,0.53,2026-08-24,0837,N,nominal,2.0NRT,289.92,7.81,D
6.79838,81.44492,332.22,0.63,0.54,2026-08-24,0837,N,nominal,2.0NRT,290.14,5.18,D
38.47813,100.93155,351.08,0.32,0.55,2026-08-24,0705,N,nominal,2.0NRT,301.83,4.82,D
6.85608,81.75537,354.45,0.33,0.55,2026-08-24,0837,N,nominal,2.0NRT,292.1,17.37,D
7.15503,80.97341,345.3,0.59,0.53,2026-08-24,0837,N,nominal,2.0NRT,294.49,13.5,D
38.48378,100.86329,337.02,0.32,0.55,2026-08-24,0705,N,nominal,2.0NRT,300.24,2.53,D
7.16668,81.01984,330.62,0.6,0.53,2026-08-24,0837,N,nominal,2.0NRT,295.18,4.18,D
7.16001,80.97327,341.89,0.59,0.53,2026-08-24,0837,N,nominal,2.0NRT,294.59,15.32,D
38.49702,100.90741,330.39,0.32,0.55,2026-08-24,0705,N,low,2.0NRT,302.26,2.5,D
7.15935,80.96866,339.98,0.59,0.53,2026-08-24,0837,N,nominal,2.0NRT,294.89,15.32,D
7.1649,80.97253,343.27,0.59,0.53,2026-08-24,0837,N,nominal,2.0NRT,296.97,15.32,D
7.16425,80.96798,350.82,0.59,0.53,2026-08-24,0837,N,nominal,2.0NRT,296.84,15.32,D
7.15662,80.97082,352.63,0.59,0.53,2026-08-24,0837,N,nominal,2.0NRT,295.98,22.92,D
7.16158,80.97058,367,0.59,0.53,2026-08-24,0837,N,high,2.0NRT,298.01,22.92,D
7.16641,80.96938,354.16,0.59,0.53,2026-08-24,0837,N,nominal,2.0NRT,294.2,20.36,D
7.30441,81.79688,332.84,0.34,0.56,2026-08-24,0837,N,nominal,2.0NRT,290.93,2.08,D
7.31644,81.84643,339.07,0.34,0.56,2026-08-24,0837,N,nominal,2.0NRT,291.41,2.89,D
7.32001,81.79483,351.6,0.34,0.56,2026-08-24,0837,N,nominal,2.0NRT,290.42,5.67,D
7.30329,81.19003,338.57,0.62,0.54,2026-08-24,0837,N,nominal,2.0NRT,293.6,9.89,D
7.38769,81.77917,351.78,0.34,0.56,2026-08-24,0837,N,nominal,2.0NRT,291.45,5.9,D
7.34063,81.42898,330.92,0.32,0.55,2026-08-24,0837,N,nominal,2.0NRT,292.17,2.2,D
7.44249,81.39476,330.5,0.32,0.55,2026-08-24,0837,N,nominal,2.0NRT,293.64,2.24,D
7.69291,81.59333,335.54,0.33,0.56,2026-08-24,0839,N,nominal,2.0NRT,289.91,3.38,D
7.88901,80.67115,343.1,0.58,0.52,2026-08-24,0839,N,nominal,2.0NRT,290.9,6.95,D
8.01478,80.62977,330.11,0.58,0.52,2026-08-24,0839,N,nominal,2.0NRT,289.11,4.21,D
8.01957,80.31305,342.68,0.55,0.51,2026-08-24,0839,N,nominal,2.0NRT,289.59,6.13,D
8.30899,80.57829,332.05,0.58,0.52,2026-08-24,0839,N,nominal,2.0NRT,288.19,4.19,D
8.49439,80.82851,341.74,0.61,0.53,2026-08-24,0839,N,nominal,2.0NRT,287.07,15.6,D
8.56913,80.77627,337.4,0.6,0.53,2026-08-24,0839,N,nominal,2.0NRT,288.92,6.43,D
8.61324,80.83712,356.02,0.61,0.53,2026-08-24,0839,N,nominal,2.0NRT,283.41,26.33,D
8.61819,80.8364,334.97,0.61,0.53,2026-08-24,0839,N,nominal,2.0NRT,281.66,26.33,D
8.56977,80.46552,338.31,0.58,0.52,2026-08-24,0839,N,nominal,2.0NRT,286.46,9.45,D
8.62935,80.6543,331.68,0.59,0.53,2026-08-24,0839,N,nominal,2.0NRT,288.33,11.03,D
8.62862,80.64883,340.74,0.59,0.53,2026-08-24,0839,N,nominal,2.0NRT,288.93,10.64,D
8.92843,80.69376,340.86,0.6,0.53,2026-08-24,0839,N,nominal,2.0NRT,290.6,7.31,D
8.92972,80.69118,339.81,0.6,0.53,2026-08-24,0839,N,nominal,2.0NRT,287.48,9.03,D
8.86875,78.15804,341.5,0.41,0.45,2026-08-24,0839,N,nominal,2.0NRT,289.45,5.2,D
8.86698,78.08605,332.97,0.41,0.45,2026-08-24,0839,N,nominal,2.0NRT,286.72,3.33,D
9.4129,80.40137,341.51,0.59,0.52,2026-08-24,0839,N,nominal,2.0NRT,294.88,12.45,D
9.41015,80.39861,349.18,0.59,0.53,2026-08-24,0839,N,nominal,2.0NRT,295.47,11.22,D
9.42267,80.38055,330.97,0.58,0.52,2026-08-24,0839,N,nominal,2.0NRT,293.91,3.37,D
9.61269,80.30055,334.09,0.58,0.52,2026-08-24,0839,N,nominal,2.0NRT,294.89,1.85,D
9.61047,80.29727,338.24,0.58,0.52,2026-08-24,0839,N,nominal,2.0NRT,296.02,3.54,D
16.55141,82.59755,347.47,0.51,0.66,2026-08-24,0841,N,nominal,2.0NRT,279.29,7.24,D
21.00341,56.53176,339.17,0.61,0.71,2026-08-24,0843,N,nominal,2.0NRT,303.04,0.87,D
21.00179,56.52942,337.84,0.61,0.71,2026-08-24,0843,N,nominal,2.0NRT,302.62,1.01,D
21.93905,57.07214,345.57,0.54,0.68,2026-08-24,0843,N,nominal,2.0NRT,305.91,2.01,D
22.40496,56.98921,338.06,0.53,0.67,2026-08-24,0843,N,nominal,2.0NRT,303.5,8.22,D
22.88013,55.92736,349.82,0.6,0.71,2026-08-24,0843,N,nominal,2.0NRT,301.15,8.44,D
22.87806,55.92522,344.56,0.6,0.71,2026-08-24,0843,N,nominal,2.0NRT,300.52,15.72,D
23.27709,54.25642,367,0.74,0.76,2026-08-24,0843,N,high,2.0NRT,302.61,20.79,D
24.50662,56.60555,332.1,0.51,0.66,2026-08-24,0843,N,low,2.0NRT,302.92,3.07,D
28.42584,69.70153,333.73,0.4,0.37,2026-08-24,0845,N,nominal,2.0NRT,303.62,3.88,D
29.95974,72.17165,336.35,0.51,0.41,2026-08-24,0845,N,nominal,2.0NRT,300.78,3.61,D
27.16994,56.0541,367,0.48,0.64,2026-08-24,0845,N,high,2.0NRT,312.41,13.92,D
27.16876,56.04935,367,0.48,0.64,2026-08-24,0845,N,high,2.0NRT,312.13,13.92,D
30.4505,74.18115,332.79,0.44,0.46,2026-08-24,0845,N,nominal,2.0NRT,297.29,4.16,D
30.63301,73.60488,331.62,0.41,0.45,2026-08-24,0845,N,nominal,2.0NRT,298.88,1.26,D
30.89104,73.20267,332.43,0.39,0.44,2026-08-24,0845,N,low,2.0NRT,306.76,9.8,D
30.80869,71.99914,339.51,0.51,0.41,2026-08-24,0845,N,nominal,2.0NRT,300.96,6.94,D
31.08036,74.34518,332.85,0.46,0.47,2026-08-24,0845,N,nominal,2.0NRT,297.56,2.38,D
31.40357,72.55518,338.43,0.56,0.43,2026-08-24,0845,N,nominal,2.0NRT,299.32,3.16,D
31.51264,72.28911,335.05,0.54,0.42,2026-08-24,0845,N,nominal,2.0NRT,301.76,7.14,D
29.99443,55.85429,344.13,0.42,0.61,2026-08-24,0845,N,low,2.0NRT,315.95,6.83,D
32.88841,71.6194,332.27,0.52,0.41,2026-08-24,0845,N,low,2.0NRT,305.94,3.56,D
37.3881,59.94894,345.16,0.53,0.42,2026-08-24,0848,N,low,2.0NRT,317.62,6.8,D
37.36727,59.60572,349.27,0.55,0.43,2026-08-24,0848,N,nominal,2.0NRT,316.6,8,D
37.37111,59.60447,341.35,0.55,0.43,2026-08-24,0848,N,low,2.0NRT,316.23,6.63,D
37.37033,59.60391,344.66,0.55,0.43,2026-08-24,0848,N,low,2.0NRT,316.55,10.71,D
37.80396,59.00258,342.37,0.38,0.43,2026-08-24,0848,N,nominal,2.0NRT,311.96,3.53,D
37.41657,55.47487,341.62,0.59,0.53,2026-08-24,0848,N,nominal,2.0NRT,306.37,3.95,D
37.41496,55.4682,333.02,0.59,0.53,2026-08-24,0848,N,low,2.0NRT,307.35,3.95,D
39.60622,67.00024,345.17,0.41,0.37,2026-08-24,0848,N,nominal,2.0NRT,310.75,5.34,D
38.18726,58.3899,345.19,0.4,0.44,2026-08-24,0848,N,low,2.0NRT,319.75,6.68,D
38.1416,57.97116,345.68,0.42,0.45,2026-08-24,0848,N,nominal,2.0NRT,314.11,3.38,D
38.33117,57.60784,347.22,0.44,0.46,2026-08-24,0848,N,nominal,2.0NRT,314.78,5.26,D
38.44315,57.41047,345.1,0.44,0.46,2026-08-24,0848,N,low,2.0NRT,318.63,8.55,D
38.44098,57.40964,343.89,0.44,0.46,2026-08-24,0848,N,low,2.0NRT,317.7,7.61,D
39.82202,64.4044,338.48,0.38,0.36,2026-08-24,0848,N,low,2.0NRT,310.04,4.53,D
38.7725,56.81887,341.51,0.47,0.47,2026-08-24,0848,N,low,2.0NRT,316.29,6.69,D
38.6496,54.28314,348.49,0.63,0.54,2026-08-24,0848,N,nominal,2.0NRT,319.06,4.67,D
38.67955,54.31754,345.05,0.63,0.54,2026-08-24,0848,N,low,2.0NRT,318.85,4.72,D
39.44816,54.39053,345.47,0.59,0.53,2026-08-24,0850,N,low,2.0NRT,318.71,15.31,D
20.37311,55.93792,341.49,0.47,0.64,2026-08-24,1024,N,nominal,2.0NRT,303.75,1.01,D
20.376,55.93422,344.64,0.47,0.64,2026-08-24,1024,N,nominal,2.0NRT,303.9,0.91,D
21.00192,56.53287,337.96,0.52,0.67,2026-08-24,1024,N,nominal,2.0NRT,305.69,1.09,D
21.936,57.07309,342.28,0.57,0.69,2026-08-24,1024,N,nominal,2.0NRT,303.74,1.68,D
21.93641,57.07344,343.99,0.57,0.69,2026-08-24,1024,N,nominal,2.0NRT,303.74,2.09,D
22.29021,56.52755,343.2,0.53,0.67,2026-08-24,1024,N,nominal,2.0NRT,306.14,2.05,D
22.32536,56.49326,340.65,0.53,0.67,2026-08-24,1024,N,nominal,2.0NRT,304.68,1.15,D
22.32881,56.48983,338.84,0.53,0.67,2026-08-24,1024,N,nominal,2.0NRT,305.14,1.35,D
22.6131,54.0602,344.64,0.37,0.58,2026-08-24,1024,N,nominal,2.0NRT,309.39,1.76,D
22.60889,54.06139,348.2,0.37,0.58,2026-08-24,1024,N,nominal,2.0NRT,309.92,14.97,D
23.04639,56.05733,341.46,0.51,0.66,2026-08-24,1024,N,nominal,2.0NRT,306.13,17.64,D
23.27656,54.25733,348.53,0.39,0.59,2026-08-24,1026,N,nominal,2.0NRT,309.2,6.44,D
23.27693,54.26123,357.63,0.39,0.59,2026-08-24,1026,N,low,2.0NRT,310.14,13.51,D
24.50948,54.01922,350.31,0.39,0.59,2026-08-24,1026,N,nominal,2.0NRT,300.9,5.41,D
24.50859,54.02049,350.53,0.39,0.59,2026-08-24,1026,N,nominal,2.0NRT,300.69,4.75,D
27.16719,56.05647,356.42,0.56,0.68,2026-08-24,1026,N,nominal,2.0NRT,313.78,25.87,D
27.1681,56.05915,355.5,0.56,0.69,2026-08-24,1026,N,nominal,2.0NRT,313.34,20.99,D
27.16775,56.05326,349.83,0.56,0.68,2026-08-24,1026,N,nominal,2.0NRT,314.09,19.83,D
29.99302,55.85658,342.11,0.58,0.69,2026-08-24,1026,N,nominal,2.0NRT,315.87,7.52,D
29.99311,55.8543,347.43,0.58,0.69,2026-08-24,1026,N,nominal,2.0NRT,315.92,6.71,D
18.01323,54.57765,336.83,0.36,0.57,2026-08-24,1024,N,low,2.0NRT,309.43,16.52,D
18.01285,54.57423,356.73,0.36,0.57,2026-08-24,1024,N,low,2.0NRT,318.63,21.13,D
18.32163,55.10718,349.09,0.39,0.59,2026-08-24,1024,N,nominal,2.0NRT,311.2,2.67,D
38.67929,54.31577,342.68,0.54,0.68,2026-08-24,1030,N,nominal,2.0NRT,312.1,3.67,D
23.55243,87.23839,302.43,0.57,0.52,2026-08-24,1930,N,nominal,2.0NRT,275.19,2.3,N
22.86855,86.05769,301.01,0.33,0.56,2026-08-24,1930,N,nominal,2.0NRT,286.9,0.98,N
22.58832,85.90031,303.06,0.34,0.56,2026-08-24,1930,N,nominal,2.0NRT,286.7,1.24,N
22.58314,85.89967,302.78,0.34,0.56,2026-08-24,1930,N,nominal,2.0NRT,286.6,1.24,N
22.58779,85.89744,301.86,0.34,0.56,2026-08-24,1930,N,nominal,2.0NRT,286.83,1.66,N
22.56736,85.89178,306.82,0.34,0.56,2026-08-24,1930,N,nominal,2.0NRT,286.55,1.65,N
22.37227,87.27415,325.21,0.55,0.51,2026-08-24,1930,N,nominal,2.0NRT,288.95,5.77,N
22.3605,87.29447,314.52,0.55,0.51,2026-08-24,1930,N,nominal,2.0NRT,288.5,3.51,N
22.36139,87.01068,308.79,0.57,0.52,2026-08-24,1930,N,nominal,2.0NRT,289.02,3.56,N
22.36172,87.01392,310.09,0.57,0.52,2026-08-24,1930,N,nominal,2.0NRT,288.97,2.67,N
7.64049,80.96828,304.64,0.46,0.64,2026-08-24,1934,N,nominal,2.0NRT,289.47,0.87,N
7.2735,81.28102,304.67,0.44,0.62,2026-08-24,1936,N,nominal,2.0NRT,289.37,0.82,N
39.44851,83.01,296.55,0.7,0.75,2026-08-24,1925,N,nominal,2.0NRT,285.7,0.77,N
36.89309,101.75039,298.82,0.42,0.38,2026-08-24,1925,N,nominal,2.0NRT,286.83,0.69,N
29.08693,88.00976,296.87,0.6,0.53,2026-08-24,1928,N,nominal,2.0NRT,278.34,1.73,N
26.57931,101.70228,306.07,0.39,0.44,2026-08-24,1928,N,nominal,2.0NRT,290.12,1.66,N
26.57829,101.66573,340.01,0.39,0.44,2026-08-24,1928,N,nominal,2.0NRT,292.88,7.54,N
26.56108,101.68966,301.86,0.39,0.44,2026-08-24,1928,N,nominal,2.0NRT,288.39,1.44,N
27.37654,95.08727,307.83,0.39,0.37,2026-08-24,1930,N,nominal,2.0NRT,286.2,1.51,N
25.06646,101.57083,303.23,0.4,0.45,2026-08-24,1930,N,nominal,2.0NRT,288.66,0.95,N
23.10639,70.1897,306.28,0.38,0.36,2026-08-24,2112,N,nominal,2.0NRT,295.39,0.54,N
23.05546,69.99567,308.71,0.38,0.36,2026-08-24,2112,N,nominal,2.0NRT,294.75,0.63,N
24.50637,56.61074,317.97,0.63,0.72,2026-08-24,2112,N,nominal,2.0NRT,298.93,3.82,N
24.47241,56.61421,324.02,0.63,0.72,2026-08-24,2112,N,nominal,2.0NRT,299.37,3.4,N
22.92933,70.10716,313.68,0.38,0.36,2026-08-24,2112,N,nominal,2.0NRT,294.86,1.04,N
24.47645,56.61616,310.06,0.63,0.72,2026-08-24,2112,N,nominal,2.0NRT,299.04,1.59,N
22.93641,69.69853,325.35,0.38,0.36,2026-08-24,2112,N,nominal,2.0NRT,295.02,2.55,N
22.93583,69.70226,321.57,0.38,0.36,2026-08-24,2112,N,nominal,2.0NRT,295.22,3.69,N
22.93312,69.69794,324.97,0.38,0.36,2026-08-24,2112,N,nominal,2.0NRT,295.2,2.55,N
22.34504,69.87063,323.05,0.38,0.36,2026-08-24,2112,N,nominal,2.0NRT,292.53,1.78,N
22.34174,69.87002,322.14,0.38,0.36,2026-08-24,2112,N,nominal,2.0NRT,292.79,1.78,N
39.18915,83.53337,300.86,0.52,0.5,2026-08-24,2106,N,nominal,2.0NRT,287.78,0.8,N
22.3408,69.85459,305.94,0.38,0.36,2026-08-24,2112,N,nominal,2.0NRT,294.23,1.87,N
23.19095,55.45263,310.71,0.72,0.75,2026-08-24,2112,N,nominal,2.0NRT,296.2,1.28,N
23.19049,55.45996,306.85,0.72,0.75,2026-08-24,2112,N,nominal,2.0NRT,296.19,1.28,N
21.11144,72.63482,311.12,0.46,0.39,2026-08-24,2112,N,nominal,2.0NRT,293.41,2.9,N
21.1091,72.64789,309.92,0.46,0.39,2026-08-24,2112,N,nominal,2.0NRT,293.66,3.01,N
21.10552,72.64716,337.64,0.46,0.39,2026-08-24,2112,N,nominal,2.0NRT,295.31,10.73,N
21.10352,72.63773,330.98,0.46,0.39,2026-08-24,2112,N,nominal,2.0NRT,293.45,9.49,N
23.1949,55.4566,310.34,0.72,0.75,2026-08-24,2112,N,nominal,2.0NRT,296.49,3.16,N
22.64068,59.4273,311.96,0.4,0.6,2026-08-24,2112,N,nominal,2.0NRT,298.3,0.75,N
22.92774,55.80049,323.14,0.68,0.74,2026-08-24,2112,N,nominal,2.0NRT,293.93,10.16,N
22.87755,55.61292,305.84,0.7,0.75,2026-08-24,2112,N,nominal,2.0NRT,292.21,1.64,N
22.87271,55.61517,304.73,0.7,0.75,2026-08-24,2112,N,nominal,2.0NRT,292.28,4.24,N
20.91151,71.45895,310.03,0.41,0.37,2026-08-24,2112,N,nominal,2.0NRT,293.19,1.54,N
20.35698,72.95097,301.25,0.48,0.4,2026-08-24,2112,N,nominal,2.0NRT,288.29,2,N
22.40915,56.99181,309.85,0.57,0.69,2026-08-24,2112,N,nominal,2.0NRT,296.02,1.57,N
18.68722,73.03297,305.75,0.51,0.41,2026-08-24,2114,N,nominal,2.0NRT,288.63,1.88,N
18.68346,73.03221,304.3,0.51,0.41,2026-08-24,2114,N,nominal,2.0NRT,288.14,1.88,N
20.21477,55.71069,304.47,0.65,0.73,2026-08-24,2114,N,nominal,2.0NRT,291.95,0.55,N
39.04872,76.182,302.04,0.4,0.37,2026-08-24,2108,N,nominal,2.0NRT,289.82,1.21,N
19.26881,56.17206,303.65,0.59,0.7,2026-08-24,2114,N,nominal,2.0NRT,292.33,0.42,N
18.31998,55.10135,308.74,0.68,0.74,2026-08-24,2114,N,nominal,2.0NRT,293.78,2.38,N
39.18296,65.30994,304.99,0.54,0.51,2026-08-24,2108,N,nominal,2.0NRT,293.76,1.54,N
39.18193,65.31043,307.92,0.54,0.51,2026-08-24,2108,N,nominal,2.0NRT,293.89,1.39,N
18.32049,55.1035,327.95,0.68,0.74,2026-08-24,2114,N,nominal,2.0NRT,294.14,4.84,N
39.24935,63.17159,303.51,0.35,0.57,2026-08-24,2108,N,nominal,2.0NRT,293.12,0.44,N
18.0121,54.56758,348.99,0.73,0.76,2026-08-24,2114,N,nominal,2.0NRT,296.24,21.98,N
39.16535,63.26077,309.51,0.35,0.57,2026-08-24,2108,N,nominal,2.0NRT,293.43,0.69,N
17.9731,54.52072,305.81,0.73,0.76,2026-08-24,2114,N,nominal,2.0NRT,293.36,1.69,N
39.15665,63.3175,306.28,0.34,0.56,2026-08-24,2108,N,nominal,2.0NRT,292.64,0.71,N
17.9767,54.52415,306.56,0.73,0.76,2026-08-24,2114,N,nominal,2.0NRT,293.4,0.8,N
37.30453,77.71964,305.03,0.46,0.39,2026-08-24,2108,N,nominal,2.0NRT,281.26,0.99,N
37.30347,77.71786,301.96,0.46,0.39,2026-08-24,2108,N,nominal,2.0NRT,281.16,0.81,N
39.11407,63.33612,305.14,0.34,0.56,2026-08-24,2108,N,nominal,2.0NRT,293.42,0.58,N
39.05473,63.44336,304.59,0.34,0.56,2026-08-24,2108,N,nominal,2.0NRT,292.61,0.56,N
38.96454,63.69176,304.84,0.33,0.55,2026-08-24,2108,N,nominal,2.0NRT,293.24,0.62,N
38.97398,63.46808,307.93,0.34,0.56,2026-08-24,2108,N,nominal,2.0NRT,294.52,0.94,N
38.91583,63.80583,304.75,0.32,0.55,2026-08-24,2108,N,nominal,2.0NRT,292.8,0.42,N
38.68718,65.98898,303.09,0.49,0.49,2026-08-24,2108,N,nominal,2.0NRT,292.69,1.03,N
38.68269,65.98834,305.86,0.49,0.49,2026-08-24,2108,N,nominal,2.0NRT,292.4,0.9,N
38.45461,65.80392,304.31,0.5,0.49,2026-08-24,2108,N,nominal,2.0NRT,293.14,1.34,N
38.05221,67.26601,339.21,0.41,0.45,2026-08-24,2108,N,nominal,2.0NRT,296.91,11.61,N
38.05268,67.26137,302.36,0.41,0.45,2026-08-24,2108,N,nominal,2.0NRT,290.81,7.07,N
38.05712,64.884,307.75,0.55,0.51,2026-08-24,2108,N,nominal,2.0NRT,295.3,1.47,N
38.0568,64.88383,306.95,0.55,0.51,2026-08-24,2108,N,nominal,2.0NRT,295.36,1.28,N
37.9881,61.88967,304.92,0.4,0.6,2026-08-24,2108,N,nominal,2.0NRT,293.82,1.04,N
37.80216,62.55622,304.06,0.37,0.58,2026-08-24,2108,N,nominal,2.0NRT,292.72,1.31,N
37.79209,62.54222,310.91,0.37,0.58,2026-08-24,2108,N,nominal,2.0NRT,292.58,0.66,N
37.79887,62.55206,313.88,0.37,0.58,2026-08-24,2108,N,nominal,2.0NRT,293.16,1.08,N
37.78887,62.53814,306.54,0.37,0.58,2026-08-24,2108,N,nominal,2.0NRT,292.2,0.93,N
37.72632,62.09497,303.92,0.39,0.59,2026-08-24,2108,N,nominal,2.0NRT,292.36,0.77,N
37.67355,62.23901,306.76,0.38,0.59,2026-08-24,2108,N,nominal,2.0NRT,292.27,0.7,N
37.65855,61.90879,306.63,0.4,0.6,2026-08-24,2108,N,nominal,2.0NRT,293.34,0.6,N
37.63064,62.21704,304.05,0.38,0.59,2026-08-24,2108,N,nominal,2.0NRT,293.27,0.97,N
37.6276,62.17187,307.12,0.39,0.59,2026-08-24,2108,N,nominal,2.0NRT,294.52,1.36,N
37.6238,62.13987,311.08,0.39,0.59,2026-08-24,2108,N,nominal,2.0NRT,294.53,1.41,N
37.62299,62.13887,311.17,0.39,0.59,2026-08-24,2108,N,nominal,2.0NRT,294.58,1.86,N
37.59529,61.5252,305.07,0.42,0.61,2026-08-24,2108,N,nominal,2.0NRT,293.45,1.13,N
37.59504,61.53006,310.81,0.42,0.61,2026-08-24,2108,N,nominal,2.0NRT,293.84,1.13,N
37.58215,61.5582,307.48,0.42,0.61,2026-08-24,2108,N,nominal,2.0NRT,293.83,1.51,N
37.50422,61.98925,302.28,0.39,0.6,2026-08-24,2108,N,nominal,2.0NRT,292.21,0.55,N
37.50123,61.84528,308.55,0.4,0.6,2026-08-24,2108,N,nominal,2.0NRT,295.75,1.93,N
37.45304,57.68896,302.69,0.68,0.74,2026-08-24,2108,N,nominal,2.0NRT,290.12,0.87,N
37.45375,57.68448,302,0.68,0.74,2026-08-24,2108,N,nominal,2.0NRT,290.54,0.76,N
37.32969,60.62961,303.13,0.47,0.64,2026-08-24,2108,N,nominal,2.0NRT,291.11,0.62,N
37.15206,62.50003,325.57,0.37,0.58,2026-08-24,2108,N,nominal,2.0NRT,294.13,1.54,N
37.11721,62.35933,320.12,0.37,0.58,2026-08-24,2108,N,nominal,2.0NRT,294.81,6.26,N
37.11695,62.36364,321.63,0.37,0.58,2026-08-24,2108,N,nominal,2.0NRT,295.23,3.58,N
37.03654,62.41494,315.58,0.37,0.58,2026-08-24,2108,N,nominal,2.0NRT,295.07,3.63,N
37.03114,62.41442,326.43,0.37,0.58,2026-08-24,2108,N,nominal,2.0NRT,294.35,3.63,N
37.03088,62.41867,306.17,0.37,0.58,2026-08-24,2108,N,nominal,2.0NRT,294.62,4.21,N
36.47574,61.62046,305.11,0.4,0.6,2026-08-24,2108,N,nominal,2.0NRT,292.8,2.22,N
36.47854,61.62029,304.04,0.4,0.6,2026-08-24,2108,N,nominal,2.0NRT,292.83,2.29,N
36.37058,61.93938,310.94,0.39,0.59,2026-08-24,2108,N,nominal,2.0NRT,291.62,0.96,N
36.37097,61.93782,310.38,0.39,0.59,2026-08-24,2108,N,nominal,2.0NRT,291.6,0.74,N
36.16259,57.68702,301.97,0.67,0.73,2026-08-24,2108,N,nominal,2.0NRT,289.4,0.64,N
33.85027,72.87061,307.87,0.38,0.36,2026-08-24,2108,N,nominal,2.0NRT,296.18,1.01,N
33.90289,71.91724,309.84,0.39,0.36,2026-08-24,2108,N,nominal,2.0NRT,296.82,1.75,N
33.90868,71.46279,306.75,0.39,0.37,2026-08-24,2108,N,nominal,2.0NRT,296.36,0.66,N
33.68822,72.71246,313.03,0.38,0.36,2026-08-24,2108,N,nominal,2.0NRT,295.85,1.55,N
33.54464,71.54842,311.57,0.39,0.36,2026-08-24,2108,N,nominal,2.0NRT,297.55,0.69,N
33.29536,71.18689,314.36,0.4,0.37,2026-08-24,2108,N,nominal,2.0NRT,297.94,0.78,N
32.71789,72.77715,307.23,0.38,0.36,2026-08-24,2110,N,nominal,2.0NRT,296.25,0.6,N
32.88977,71.61715,324.91,0.39,0.36,2026-08-24,2110,N,nominal,2.0NRT,300.33,2.53,N
32.57596,72.56307,317.37,0.38,0.36,2026-08-24,2110,N,nominal,2.0NRT,299.84,2.72,N
33.75436,59.14855,301.68,0.53,0.67,2026-08-24,2110,N,nominal,2.0NRT,290.51,0.75,N
32.10258,74.17775,313.6,0.4,0.37,2026-08-24,2110,N,nominal,2.0NRT,297.89,1.18,N
32.08799,74.16105,309.75,0.4,0.37,2026-08-24,2110,N,nominal,2.0NRT,297.87,1.38,N
31.25866,76.92591,304.88,0.52,0.42,2026-08-24,2110,N,nominal,2.0NRT,290.63,1.06,N
32.29401,70.73388,312.37,0.4,0.37,2026-08-24,2110,N,nominal,2.0NRT,298.06,2.41,N
32.28942,70.74173,310.18,0.4,0.37,2026-08-24,2110,N,nominal,2.0NRT,297.47,2.64,N
29.45879,76.8923,303.48,0.55,0.43,2026-08-24,2110,N,nominal,2.0NRT,287.77,2.12,N
30.75835,56.6624,304.96,0.7,0.75,2026-08-24,2110,N,nominal,2.0NRT,291.23,2.9,N
30.23607,56.90831,314.74,0.68,0.74,2026-08-24,2110,N,nominal,2.0NRT,291.88,2.61,N
30.23685,56.91179,314,0.68,0.74,2026-08-24,2110,N,nominal,2.0NRT,292.06,3.68,N
29.99455,55.85799,306.82,0.78,0.78,2026-08-24,2110,N,nominal,2.0NRT,285.57,2.62,N
29.99225,55.85091,304.68,0.78,0.78,2026-08-24,2110,N,nominal,2.0NRT,285.04,2.62,N
29.99196,55.85804,297.83,0.78,0.78,2026-08-24,2110,N,nominal,2.0NRT,285.36,2.29,N
29.47913,60.80774,303.27,0.39,0.59,2026-08-24,2110,N,nominal,2.0NRT,291.94,0.63,N
28.42683,69.69943,316.43,0.4,0.37,2026-08-24,2110,N,nominal,2.0NRT,297.34,1.17,N
26.87662,73.51538,307.36,0.43,0.38,2026-08-24,2110,N,nominal,2.0NRT,294.83,1.23,N
26.25756,74.09525,308.52,0.46,0.39,2026-08-24,2110,N,nominal,2.0NRT,293.4,1.39,N
25.94131,72.19123,311.79,0.4,0.37,2026-08-24,2110,N,nominal,2.0NRT,295.8,1.76,N
27.22231,60.48119,309.64,0.38,0.59,2026-08-24,2110,N,nominal,2.0NRT,298.6,2.03,N
27.16264,56.03292,316.39,0.72,0.75,2026-08-24,2110,N,nominal,2.0NRT,298.33,3.94,N
27.16019,56.03022,329.6,0.72,0.75,2026-08-24,2110,N,nominal,2.0NRT,298.27,9.14,N
27.15041,56.08177,311.67,0.71,0.75,2026-08-24,2110,N,nominal,2.0NRT,297.94,5.04,N
24.8168,73.0893,306.65,0.43,0.38,2026-08-24,2112,N,nominal,2.0NRT,290.19,0.76,N
24.68826,72.99875,309.39,0.43,0.38,2026-08-24,2112,N,nominal,2.0NRT,290.77,1.05,N
25.38534,68.57845,316.67,0.41,0.37,2026-08-24,2112,N,nominal,2.0NRT,295.13,2.22,N
23.3162,70.48951,309.1,0.39,0.36,2026-08-24,2112,N,nominal,2.0NRT,295.62,1.26,N
23.25788,70.26331,307.92,0.38,0.36,2026-08-24,2112,N,nominal,2.0NRT,295.12,0.65,N
23.2488,69.87011,307.12,0.38,0.36,2026-08-24,2112,N,nominal,2.0NRT,295.5,0.82,N
38.68278,65.95544,304.78,0.65,0.73,2026-08-24,2248,N,nominal,2.0NRT,292.29,1.97,N
38.46631,65.78394,308.17,0.65,0.73,2026-08-24,2248,N,nominal,2.0NRT,294.75,1.94,N
18.56304,55.8613,304.5,0.55,0.68,2026-08-24,2254,N,nominal,2.0NRT,292.42,1.5,N
38.46338,65.78481,307.78,0.65,0.73,2026-08-24,2248,N,nominal,2.0NRT,294.58,2.48,N
38.94152,64.13643,304.32,0.52,0.67,2026-08-24,2248,N,nominal,2.0NRT,293.26,0.65,N
18.56511,55.86602,302.32,0.56,0.68,2026-08-24,2254,N,nominal,2.0NRT,291.8,0.93,N
39.16796,63.25769,302.29,0.47,0.64,2026-08-24,2248,N,nominal,2.0NRT,292.07,1.2,N
39.15912,62.58957,303.64,0.43,0.62,2026-08-24,2248,N,nominal,2.0NRT,293.06,0.51,N
18.32192,55.10382,328.37,0.5,0.66,2026-08-24,2254,N,nominal,2.0NRT,294.93,2.47,N
18.01332,54.57082,344.9,0.47,0.64,2026-08-24,2254,N,nominal,2.0NRT,297.5,10.72,N
18.01233,54.57529,343.61,0.47,0.64,2026-08-24,2254,N,nominal,2.0NRT,295.62,10.72,N
17.97461,54.52371,311.42,0.47,0.64,2026-08-24,2254,N,nominal,2.0NRT,293.98,1.5,N
17.97585,54.52544,308.32,0.47,0.64,2026-08-24,2254,N,nominal,2.0NRT,294.22,0.86,N
39.26368,56.01279,330.81,0.4,0.45,2026-08-24,2248,N,nominal,2.0NRT,295.01,1.69,N
39.26268,56.01737,304.94,0.4,0.45,2026-08-24,2248,N,nominal,2.0NRT,291.88,1.24,N
39.2597,56.01131,307.14,0.4,0.45,2026-08-24,2248,N,nominal,2.0NRT,291.9,1.69,N
37.67124,62.23749,301.41,0.46,0.63,2026-08-24,2248,N,nominal,2.0NRT,291.3,0.61,N
37.6174,62.13998,306.34,0.45,0.63,2026-08-24,2248,N,nominal,2.0NRT,293.82,0.91,N
39.5106,54.32962,313.06,0.5,0.41,2026-08-24,2248,N,nominal,2.0NRT,296.05,2.23,N
37.61089,61.60718,309.23,0.43,0.62,2026-08-24,2248,N,nominal,2.0NRT,295.24,1.15,N
37.59646,61.52793,308.49,0.42,0.61,2026-08-24,2248,N,nominal,2.0NRT,293.34,1.15,N
37.57846,61.55995,304.61,0.42,0.61,2026-08-24,2248,N,nominal,2.0NRT,293.18,0.5,N
37.49896,61.84932,313.67,0.44,0.62,2026-08-24,2248,N,nominal,2.0NRT,294.84,2.6,N
38.25741,58.39093,308.69,0.56,0.51,2026-08-24,2248,N,nominal,2.0NRT,297.14,1.88,N
37.12094,62.36806,304.58,0.48,0.65,2026-08-24,2248,N,nominal,2.0NRT,291.49,1.22,N
37.11525,62.36549,321.85,0.48,0.65,2026-08-24,2248,N,nominal,2.0NRT,293.3,3.72,N
37.11872,62.36314,312.34,0.48,0.65,2026-08-24,2248,N,nominal,2.0NRT,293.44,5.48,N
37.11724,62.36838,316.37,0.48,0.65,2026-08-24,2248,N,nominal,2.0NRT,292.52,3.6,N
38.15005,58.39396,311.73,0.56,0.52,2026-08-24,2248,N,nominal,2.0NRT,294.95,2.07,N
37.63583,60.33843,303.31,0.37,0.58,2026-08-24,2248,N,nominal,2.0NRT,293.25,0.84,N
38.19581,58.10226,306.65,0.54,0.51,2026-08-24,2248,N,nominal,2.0NRT,293.02,1.49,N
37.3475,61.36446,305.2,0.42,0.61,2026-08-24,2248,N,nominal,2.0NRT,292.96,0.83,N
37.03221,62.41861,328.97,0.49,0.65,2026-08-24,2248,N,nominal,2.0NRT,293.91,6.93,N
37.03068,62.42391,304.51,0.49,0.65,2026-08-24,2248,N,nominal,2.0NRT,293,3.61,N
37.82794,58.38623,305.32,0.57,0.52,2026-08-24,2248,N,nominal,2.0NRT,294.03,0.86,N
37.82835,58.38681,305.83,0.57,0.52,2026-08-24,2248,N,nominal,2.0NRT,293.83,0.39,N
38.68184,54.31622,322.7,0.52,0.42,2026-08-24,2248,N,nominal,2.0NRT,298.21,2.53,N
38.64935,54.28028,329.76,0.52,0.41,2026-08-24,2248,N,nominal,2.0NRT,298.96,3.04,N
38.64948,54.28473,329.3,0.52,0.42,2026-08-24,2248,N,nominal,2.0NRT,298.55,3.99,N
37.22052,60.02414,308.31,0.36,0.57,2026-08-24,2248,N,nominal,2.0NRT,293.68,0.74,N
37.21544,60.022,304.16,0.36,0.57,2026-08-24,2248,N,nominal,2.0NRT,292.28,0.59,N
36.37117,61.93893,306.16,0.48,0.64,2026-08-24,2248,N,nominal,2.0NRT,290.25,0.88,N
36.47532,61.45933,303.08,0.45,0.63,2026-08-24,2248,N,nominal,2.0NRT,292.54,0.87,N
36.47946,59.74548,303.37,0.36,0.58,2026-08-24,2248,N,nominal,2.0NRT,292.35,0.77,N
36.23752,59.7317,302.08,0.37,0.58,2026-08-24,2250,N,nominal,2.0NRT,289.63,0.87,N
36.94599,54.88783,326.32,0.4,0.44,2026-08-24,2250,N,nominal,2.0NRT,296.78,2.46,N
35.51732,59.19931,297.4,0.36,0.57,2026-08-24,2250,N,nominal,2.0NRT,285.72,0.2,N
36.47992,54.90269,304.08,0.41,0.45,2026-08-24,2250,N,nominal,2.0NRT,289.8,0.69,N
35.36613,59.30635,301.35,0.37,0.58,2026-08-24,2250,N,nominal,2.0NRT,290.23,0.65,N
35.36848,59.30598,301.74,0.37,0.58,2026-08-24,2250,N,nominal,2.0NRT,289.99,0.53,N
36.29645,54.78923,310.54,0.41,0.45,2026-08-24,2250,N,nominal,2.0NRT,291.92,1.18,N
33.7547,59.1505,303.34,0.4,0.6,2026-08-24,2250,N,nominal,2.0NRT,289.13,0.93,N
33.75456,59.14841,301.98,0.4,0.6,2026-08-24,2250,N,nominal,2.0NRT,288.24,1.03,N
33.62601,59.17085,303.38,0.4,0.6,2026-08-24,2250,N,nominal,2.0NRT,290.13,0.73,N
32.92189,60.23753,302.99,0.48,0.64,2026-08-24,2250,N,nominal,2.0NRT,292.74,1.14,N
33.04046,56.85259,306.74,0.61,0.54,2026-08-24,2250,N,nominal,2.0NRT,295.18,1.61,N
32.33527,54.08732,311.34,0.45,0.47,2026-08-24,2250,N,nominal,2.0NRT,291.82,1.61,N
31.43218,56.49356,301.95,0.32,0.55,2026-08-24,2250,N,nominal,2.0NRT,289.33,0.3,N
31.6238,54.72696,308.82,0.5,0.49,2026-08-24,2250,N,nominal,2.0NRT,291.76,1.77,N
30.75578,56.66089,315.5,0.34,0.56,2026-08-24,2250,N,nominal,2.0NRT,291.73,1.42,N
30.66566,56.62348,308.13,0.34,0.56,2026-08-24,2250,N,nominal,2.0NRT,290.38,0.73,N
30.49681,56.81913,320.32,0.35,0.57,2026-08-24,2250,N,nominal,2.0NRT,292.36,1.52,N
30.23187,56.91017,310.62,0.36,0.57,2026-08-24,2250,N,nominal,2.0NRT,290.61,2.18,N
30.36958,56.12674,309.02,0.32,0.55,2026-08-24,2250,N,nominal,2.0NRT,288.98,1.53,N
30.36881,56.13,302.52,0.32,0.55,2026-08-24,2250,N,nominal,2.0NRT,289.33,0.95,N
30.32514,56.22536,300.13,0.33,0.55,2026-08-24,2250,N,nominal,2.0NRT,289.06,0.64,N
30.37868,55.86589,299.96,0.62,0.54,2026-08-24,2250,N,nominal,2.0NRT,289.54,0.78,N
30.2141,55.98357,300.4,0.32,0.54,2026-08-24,2250,N,nominal,2.0NRT,288.1,1.63,N
30.21333,55.98678,300.07,0.32,0.54,2026-08-24,2250,N,nominal,2.0NRT,288.28,0.54,N
30.2143,55.98429,301.2,0.32,0.54,2026-08-24,2250,N,nominal,2.0NRT,288.05,0.59,N
30.21356,55.9875,299.89,0.32,0.54,2026-08-24,2250,N,nominal,2.0NRT,288.32,0.36,N
29.92775,56.73421,308.34,0.36,0.57,2026-08-24,2250,N,nominal,2.0NRT,291.09,1.52,N
29.9274,56.73526,313.5,0.36,0.57,2026-08-24,2250,N,nominal,2.0NRT,291.75,1.58,N
29.9929,55.85506,309.4,0.63,0.54,2026-08-24,2250,N,nominal,2.0NRT,285.45,10.42,N
29.98802,55.8536,337.83,0.63,0.54,2026-08-24,2250,N,nominal,2.0NRT,287.74,10.42,N
30.08309,55.39882,318.66,0.59,0.53,2026-08-24,2250,N,nominal,2.0NRT,290.94,2.9,N
29.70024,55.53585,300.48,0.62,0.54,2026-08-24,2250,N,nominal,2.0NRT,288.28,1.01,N
29.5129,55.79974,300.88,0.32,0.55,2026-08-24,2250,N,nominal,2.0NRT,289.85,0.34,N
29.17064,54.61787,304.92,0.56,0.51,2026-08-24,2252,N,nominal,2.0NRT,292.75,1.44,N
27.42123,56.50429,314.03,0.39,0.6,2026-08-24,2252,N,nominal,2.0NRT,299.83,0.97,N
27.30164,56.30473,313.57,0.38,0.59,2026-08-24,2252,N,nominal,2.0NRT,299.75,1.13,N
27.16958,56.05681,332.82,0.37,0.58,2026-08-24,2252,N,nominal,2.0NRT,300.2,2.63,N
27.16868,56.0606,324.75,0.37,0.58,2026-08-24,2252,N,nominal,2.0NRT,299.4,2.63,N
27.15888,56.10181,324.76,0.38,0.58,2026-08-24,2252,N,nominal,2.0NRT,300.06,3,N
27.16432,56.05526,312.28,0.37,0.58,2026-08-24,2252,N,nominal,2.0NRT,299.31,1.41,N
27.1447,56.11386,311.6,0.38,0.59,2026-08-24,2252,N,nominal,2.0NRT,299.49,1.16,N
26.95534,55.54671,311.34,0.35,0.57,2026-08-24,2252,N,nominal,2.0NRT,300.49,0.82,N
25.97086,56.07344,316.02,0.4,0.6,2026-08-24,2252,N,nominal,2.0NRT,302.34,0.74,N
24.5048,56.60844,315.82,0.46,0.64,2026-08-24,2252,N,nominal,2.0NRT,297.94,2.04,N
24.5078,54.01567,367,0.32,0.55,2026-08-24,2252,N,high,2.0NRT,303.41,4.43,N
24.50848,54.01253,315.64,0.32,0.55,2026-08-24,2252,N,nominal,2.0NRT,303.44,3.51,N
24.00532,55.43623,313.38,0.4,0.6,2026-08-24,2252,N,nominal,2.0NRT,301.64,1.46,N
23.19211,55.45236,322.64,0.42,0.61,2026-08-24,2252,N,nominal,2.0NRT,300.17,3.44,N
23.19117,55.45643,311.96,0.42,0.61,2026-08-24,2252,N,nominal,2.0NRT,299.27,1.71,N
23.31118,54.17431,315.07,0.35,0.57,2026-08-24,2252,N,nominal,2.0NRT,298.47,0.95,N
23.27745,54.25158,343.34,0.35,0.57,2026-08-24,2252,N,nominal,2.0NRT,300.43,5.57,N
23.27668,54.25498,350.72,0.35,0.57,2026-08-24,2252,N,nominal,2.0NRT,300.02,5.57,N
22.87855,55.918,326.07,0.45,0.63,2026-08-24,2252,N,nominal,2.0NRT,297.44,5.97,N
23.27685,54.25206,356.62,0.35,0.57,2026-08-24,2252,N,nominal,2.0NRT,300.33,5.89,N
23.27611,54.25547,340.39,0.35,0.57,2026-08-24,2252,N,nominal,2.0NRT,299.45,5.89,N
22.87905,55.91645,315.8,0.45,0.63,2026-08-24,2252,N,nominal,2.0NRT,297.26,1.35,N
22.87803,55.92084,310.54,0.46,0.63,2026-08-24,2252,N,nominal,2.0NRT,297.4,1.35,N
22.8724,55.60835,309.6,0.44,0.62,2026-08-24,2252,N,nominal,2.0NRT,296.22,1.87,N
22.78317,55.80933,325.93,0.45,0.63,2026-08-24,2252,N,nominal,2.0NRT,297.58,2.51,N
22.52627,54.04707,306.86,0.35,0.57,2026-08-24,2252,N,nominal,2.0NRT,296.33,4.4,N
21.00646,56.52825,305.78,0.54,0.68,2026-08-24,2254,N,nominal,2.0NRT,289.24,2.74,N
21.00031,56.52658,309.19,0.54,0.68,2026-08-24,2254,N,nominal,2.0NRT,288.48,2.63,N
21.00271,56.52604,313.45,0.54,0.68,2026-08-24,2254,N,nominal,2.0NRT,289.5,4.43,N
20.38885,55.64459,304.6,0.49,0.65,2026-08-24,2254,N,nominal,2.0NRT,292.32,1.03,N
20.21372,55.7091,303.7,0.5,0.66,2026-08-24,2254,N,nominal,2.0NRT,290.54,2.02,N
21.11605,101.14425,336.04,0.39,0.36,2026-08-25,0642,N,nominal,2.0NRT,295.75,5.67,D
28.55548,100.33284,330.03,0.41,0.37,2026-08-25,0644,N,nominal,2.0NRT,297.75,3.36,D
28.49712,97.02263,332.53,0.39,0.36,2026-08-25,0644,N,nominal,2.0NRT,295.64,4.41,D
28.49912,97.02243,332.25,0.39,0.36,2026-08-25,0644,N,nominal,2.0NRT,295.98,5.91,D
29.66602,91.18839,325.57,0.43,0.46,2026-08-25,0646,N,nominal,2.0NRT,292.84,4.17,D
29.68351,91.14562,348.33,0.44,0.46,2026-08-25,0646,N,nominal,2.0NRT,300.22,14.14,D
29.69793,91.15185,325.94,0.43,0.46,2026-08-25,0646,N,low,2.0NRT,296.97,3.79,D
35.97691,100.84024,331.42,0.51,0.41,2026-08-25,0646,N,nominal,2.0NRT,300.53,2.38,D
39.25718,76.7927,334.87,0.72,0.76,2026-08-25,0650,N,nominal,2.0NRT,302.07,7.34,D
39.25453,76.78465,336.72,0.72,0.76,2026-08-25,0650,N,nominal,2.0NRT,299.55,7.34,D
39.25562,76.79131,330.32,0.72,0.76,2026-08-25,0650,N,low,2.0NRT,301.67,10.12,D
39.25293,76.78327,338.63,0.72,0.76,2026-08-25,0650,N,nominal,2.0NRT,299.9,12.67,D
6.25056,81.16558,331.6,0.46,0.39,2026-08-25,0820,N,nominal,2.0NRT,296.59,1.87,D
6.59563,81.12982,335.19,0.46,0.39,2026-08-25,0820,N,nominal,2.0NRT,297.31,3.38,D
6.62887,81.20591,350.02,0.46,0.39,2026-08-25,0820,N,nominal,2.0NRT,301.37,8.09,D
6.62826,81.20171,347.17,0.46,0.39,2026-08-25,0820,N,nominal,2.0NRT,304.09,6.36,D
6.62764,81.1975,348.58,0.46,0.39,2026-08-25,0820,N,nominal,2.0NRT,301.61,6.36,D
6.6325,81.20537,350.36,0.46,0.39,2026-08-25,0820,N,nominal,2.0NRT,301.65,22.55,D
6.73775,81.53931,332.76,0.48,0.4,2026-08-25,0820,N,nominal,2.0NRT,295.47,3.99,D
6.70154,81.22091,353.96,0.46,0.39,2026-08-25,0820,N,nominal,2.0NRT,301.2,7.97,D
6.70091,81.21671,340.74,0.46,0.39,2026-08-25,0820,N,nominal,2.0NRT,301.17,5.69,D
6.72609,81.36019,343.27,0.47,0.4,2026-08-25,0820,N,nominal,2.0NRT,298.05,6.66,D
6.70517,81.22038,342.63,0.46,0.39,2026-08-25,0820,N,nominal,2.0NRT,300.01,7.97,D
6.70454,81.21617,347.56,0.46,0.39,2026-08-25,0820,N,nominal,2.0NRT,298.45,5.69,D
6.70943,81.22404,346.17,0.46,0.39,2026-08-25,0820,N,nominal,2.0NRT,297.47,5.82,D
6.7088,81.21983,331.02,0.46,0.39,2026-08-25,0820,N,nominal,2.0NRT,296.52,5.82,D
6.70817,81.21564,332.43,0.46,0.39,2026-08-25,0820,N,nominal,2.0NRT,298.38,3.26,D
6.72541,81.36154,336.4,0.47,0.4,2026-08-25,0820,N,nominal,2.0NRT,298.46,6.46,D
6.70529,81.22145,334.79,0.46,0.39,2026-08-25,0820,N,nominal,2.0NRT,297.94,8.62,D
6.70469,81.21725,352.33,0.46,0.39,2026-08-25,0820,N,nominal,2.0NRT,299.65,6.58,D
6.70953,81.22513,340.38,0.46,0.39,2026-08-25,0820,N,nominal,2.0NRT,298.2,8.62,D
6.70832,81.21671,336.35,0.46,0.39,2026-08-25,0820,N,nominal,2.0NRT,297.73,6.58,D
6.74745,81.38467,338.5,0.47,0.4,2026-08-25,0820,N,nominal,2.0NRT,295.52,9.27,D
6.76355,81.4702,337.33,0.48,0.4,2026-08-25,0820,N,nominal,2.0NRT,296.39,3.69,D
6.75111,81.38413,332.28,0.47,0.4,2026-08-25,0820,N,nominal,2.0NRT,293.89,4.68,D
6.7767,81.53517,343.23,0.48,0.4,2026-08-25,0820,N,nominal,2.0NRT,300.37,6.92,D
6.79162,81.55989,350.53,0.48,0.4,2026-08-25,0820,N,nominal,2.0NRT,300.59,9.54,D
6.75276,81.09026,340.77,0.46,0.39,2026-08-25,0820,N,nominal,2.0NRT,295.73,6.7,D
6.8122,81.16679,337.27,0.46,0.39,2026-08-25,0820,N,nominal,2.0NRT,296.7,3.79,D
6.81303,81.1674,333.67,0.46,0.39,2026-08-25,0820,N,nominal,2.0NRT,295.9,4.76,D
6.88819,81.66446,337.67,0.49,0.4,2026-08-25,0820,N,nominal,2.0NRT,297.83,3.57,D
6.86466,81.47404,340.1,0.48,0.4,2026-08-25,0820,N,nominal,2.0NRT,298.21,6.06,D
6.86836,81.47356,341.88,0.48,0.4,2026-08-25,0820,N,nominal,2.0NRT,297.47,6.06,D
6.87965,81.52573,338.09,0.48,0.4,2026-08-25,0820,N,nominal,2.0NRT,299.5,6.91,D
6.87901,81.52132,337.32,0.48,0.4,2026-08-25,0820,N,nominal,2.0NRT,299.21,6.91,D
6.88335,81.52519,337.45,0.48,0.4,2026-08-25,0820,N,nominal,2.0NRT,298.35,6.91,D
6.88271,81.52078,336.86,0.48,0.4,2026-08-25,0820,N,nominal,2.0NRT,299,6.91,D
6.87135,81.44212,331.31,0.48,0.4,2026-08-25,0820,N,nominal,2.0NRT,296.26,2.2,D
6.90784,81.4859,339.31,0.48,0.4,2026-08-25,0820,N,nominal,2.0NRT,298.22,56.74,D
6.91892,81.48431,330.33,0.48,0.4,2026-08-25,0820,N,nominal,2.0NRT,294.76,2.34,D
6.99311,81.48762,332.26,0.48,0.4,2026-08-25,0820,N,nominal,2.0NRT,297.78,3.08,D
6.99681,81.48708,340.92,0.48,0.4,2026-08-25,0820,N,nominal,2.0NRT,298.24,16.58,D
6.9783,81.33369,342.41,0.47,0.4,2026-08-25,0820,N,nominal,2.0NRT,294.87,5.87,D
7.00675,81.50349,335.27,0.48,0.4,2026-08-25,0820,N,nominal,2.0NRT,297.38,3.8,D
6.98196,81.33311,340.19,0.47,0.4,2026-08-25,0820,N,nominal,2.0NRT,295.01,12.19,D
7.01044,81.50293,337.65,0.48,0.4,2026-08-25,0820,N,nominal,2.0NRT,297.62,3.8,D
7.10648,81.71599,344.34,0.5,0.41,2026-08-25,0820,N,nominal,2.0NRT,297.64,6.16,D
7.10736,81.71725,333.35,0.5,0.41,2026-08-25,0820,N,nominal,2.0NRT,295.75,4.59,D
7.10673,81.71281,337.37,0.5,0.41,2026-08-25,0820,N,nominal,2.0NRT,297.25,5.72,D
7.29373,81.78432,337.62,0.5,0.41,2026-08-25,0820,N,nominal,2.0NRT,298.18,5.05,D
7.29306,81.77975,340.33,0.5,0.41,2026-08-25,0820,N,nominal,2.0NRT,299.06,5.51,D
7.30826,81.85727,332.35,0.51,0.41,2026-08-25,0820,N,nominal,2.0NRT,294.62,2.31,D
7.30556,81.83883,339.33,0.51,0.41,2026-08-25,0820,N,nominal,2.0NRT,294.58,3.69,D
7.29885,81.79293,336.01,0.5,0.41,2026-08-25,0820,N,nominal,2.0NRT,297.82,7.42,D
7.2975,81.78377,339.7,0.5,0.41,2026-08-25,0820,N,nominal,2.0NRT,297.17,5.05,D
7.29684,81.77921,336.78,0.5,0.41,2026-08-25,0820,N,nominal,2.0NRT,296.96,5.51,D
7.28552,81.70193,330.33,0.5,0.41,2026-08-25,0820,N,nominal,2.0NRT,294.56,1.86,D
7.3017,81.75987,336.92,0.5,0.41,2026-08-25,0820,N,nominal,2.0NRT,296.28,3.31,D
7.3149,81.8234,338.03,0.51,0.41,2026-08-25,0820,N,nominal,2.0NRT,294.81,3.82,D
7.3126,81.7816,344.96,0.5,0.41,2026-08-25,0820,N,nominal,2.0NRT,298.26,7.74,D
7.32867,81.81205,333.14,0.51,0.41,2026-08-25,0820,N,nominal,2.0NRT,294.22,4.57,D
7.3246,81.78455,337.46,0.5,0.41,2026-08-25,0820,N,nominal,2.0NRT,297.8,5.04,D
7.32906,81.78858,342.36,0.5,0.41,2026-08-25,0820,N,nominal,2.0NRT,297.65,8.69,D
7.33148,81.7789,333.8,0.5,0.41,2026-08-25,0820,N,nominal,2.0NRT,298.87,5.32,D
7.329,81.81437,336.95,0.51,0.41,2026-08-25,0820,N,nominal,2.0NRT,294.42,6.33,D
7.3251,81.78683,338.15,0.5,0.41,2026-08-25,0820,N,nominal,2.0NRT,298.35,8.5,D
7.32252,81.76852,337.87,0.5,0.41,2026-08-25,0820,N,nominal,2.0NRT,297.51,5.16,D
7.32953,81.79086,346.5,0.5,0.41,2026-08-25,0820,N,nominal,2.0NRT,296.65,9.32,D
7.33417,81.45088,336.54,0.48,0.4,2026-08-25,0820,N,nominal,2.0NRT,293.93,7.83,D
7.28824,81.13609,339.35,0.47,0.39,2026-08-25,0820,N,nominal,2.0NRT,298.74,7.17,D
7.29552,81.13499,331.24,0.47,0.39,2026-08-25,0820,N,nominal,2.0NRT,298.72,4.34,D
7.36624,81.2598,354.22,0.47,0.4,2026-08-25,0820,N,nominal,2.0NRT,297.6,12.49,D
7.36528,81.26039,340.56,0.47,0.4,2026-08-25,0820,N,nominal,2.0NRT,295.47,12.2,D
7.36896,81.25998,348.81,0.47,0.4,2026-08-25,0820,N,nominal,2.0NRT,298.59,12.2,D
7.42791,81.59241,335.72,0.49,0.41,2026-08-25,0820,N,nominal,2.0NRT,292.94,4.09,D
7.44835,81.68165,333.83,0.5,0.41,2026-08-25,0820,N,nominal,2.0NRT,291.96,2.9,D
7.41669,81.25322,342.01,0.47,0.4,2026-08-25,0820,N,nominal,2.0NRT,299.11,5.13,D
7.42036,81.25268,341.33,0.47,0.4,2026-08-25,0820,N,nominal,2.0NRT,299.73,5.13,D
7.44073,81.28928,338.06,0.48,0.4,2026-08-25,0820,N,nominal,2.0NRT,297.59,3.29,D
7.46413,81.39714,331.61,0.48,0.4,2026-08-25,0820,N,nominal,2.0NRT,294.63,2.9,D
7.4673,81.31651,343.85,0.48,0.4,2026-08-25,0820,N,nominal,2.0NRT,298.7,4.67,D
7.48079,81.02785,335.73,0.46,0.39,2026-08-25,0820,N,nominal,2.0NRT,287.46,9.52,D
7.48018,81.02367,332.9,0.46,0.39,2026-08-25,0820,N,nominal,2.0NRT,289.81,7.84,D
7.57043,81.61926,336.86,0.5,0.41,2026-08-25,0820,N,nominal,2.0NRT,292.75,3.22,D
7.54853,81.36391,338.36,0.48,0.4,2026-08-25,0820,N,nominal,2.0NRT,297,2.63,D
7.57716,81.40447,335.59,0.48,0.4,2026-08-25,0820,N,nominal,2.0NRT,295.53,9.06,D
7.57651,81.40005,349.09,0.48,0.4,2026-08-25,0820,N,nominal,2.0NRT,296.72,9.06,D
7.63762,80.98406,348.83,0.46,0.39,2026-08-25,0820,N,nominal,2.0NRT,289.92,11.88,D
7.637,80.97987,349.1,0.46,0.39,2026-08-25,0820,N,nominal,2.0NRT,290.6,11.88,D
7.63637,80.97568,338.61,0.46,0.39,2026-08-25,0820,N,nominal,2.0NRT,290.12,5.47,D
8.17185,80.48933,337.53,0.44,0.39,2026-08-25,0820,N,nominal,2.0NRT,291.39,5.88,D
8.33228,81.02814,336.9,0.47,0.4,2026-08-25,0820,N,nominal,2.0NRT,289.01,5.71,D
8.22376,79.9154,335.11,0.42,0.38,2026-08-25,0820,N,nominal,2.0NRT,289.18,8.69,D
8.3507,80.67214,330.59,0.45,0.39,2026-08-25,0820,N,nominal,2.0NRT,289.59,3.94,D
8.35207,80.67225,338.64,0.46,0.39,2026-08-25,0820,N,nominal,2.0NRT,290.08,6.02,D
8.29243,80.20691,348.62,0.43,0.38,2026-08-25,0820,N,nominal,2.0NRT,287.69,11.89,D
8.47277,81.33554,334.73,0.49,0.4,2026-08-25,0820,N,nominal,2.0NRT,282.25,9.87,D
8.37075,80.59804,338.74,0.45,0.39,2026-08-25,0820,N,nominal,2.0NRT,291.28,3.91,D
8.35752,80.23368,344.91,0.44,0.38,2026-08-25,0820,N,nominal,2.0NRT,287.66,7.87,D
8.36105,80.23316,334.08,0.44,0.38,2026-08-25,0820,N,nominal,2.0NRT,288.27,3.9,D
8.44847,80.80316,335.04,0.46,0.39,2026-08-25,0820,N,nominal,2.0NRT,284.12,4.05,D
8.42033,80.56149,339.71,0.45,0.39,2026-08-25,0820,N,nominal,2.0NRT,289.5,5.89,D
8.42392,80.56097,342.91,0.45,0.39,2026-08-25,0820,N,nominal,2.0NRT,290.88,10.47,D
8.41851,80.52428,335.59,0.45,0.39,2026-08-25,0820,N,nominal,2.0NRT,290.38,3.76,D
8.4179,80.5202,334.3,0.45,0.39,2026-08-25,0820,N,nominal,2.0NRT,287.87,1.09,D
8.47545,80.57486,334.97,0.45,0.39,2026-08-25,0820,N,nominal,2.0NRT,291.24,3.83,D
8.44372,80.35572,339.94,0.44,0.38,2026-08-25,0820,N,nominal,2.0NRT,291.17,11.18,D
8.44314,80.35169,331.81,0.44,0.38,2026-08-25,0820,N,nominal,2.0NRT,290.04,5.12,D
8.52601,80.82277,333.46,0.46,0.39,2026-08-25,0820,N,nominal,2.0NRT,290.21,4.38,D
8.53026,80.82647,336.45,0.46,0.39,2026-08-25,0820,N,nominal,2.0NRT,287.83,4.38,D
8.52343,80.70296,330.42,0.46,0.39,2026-08-25,0820,N,nominal,2.0NRT,287.42,2.65,D
8.59756,80.82961,333.91,0.47,0.39,2026-08-25,0820,N,nominal,2.0NRT,284.88,4.69,D
8.57438,80.56564,343.12,0.45,0.39,2026-08-25,0820,N,nominal,2.0NRT,289.7,4.5,D
8.58405,80.45564,332.59,0.45,0.39,2026-08-25,0820,N,nominal,2.0NRT,289.38,2.8,D
8.56757,80.34253,334.74,0.44,0.39,2026-08-25,0820,N,nominal,2.0NRT,287.91,3.72,D
8.62952,80.64198,333.52,0.46,0.39,2026-08-25,0820,N,nominal,2.0NRT,291.64,3.74,D
8.63329,80.34522,338.37,0.44,0.39,2026-08-25,0820,N,nominal,2.0NRT,294.85,7.19,D
8.63257,80.34579,344.64,0.44,0.39,2026-08-25,0820,N,nominal,2.0NRT,295.21,8.37,D
8.66378,80.43628,332.82,0.45,0.39,2026-08-25,0820,N,nominal,2.0NRT,289.17,3.55,D
8.67924,80.44233,346.52,0.45,0.39,2026-08-25,0820,N,nominal,2.0NRT,289.13,6.78,D
8.69478,80.34908,339.58,0.44,0.39,2026-08-25,0820,N,nominal,2.0NRT,291.26,3.86,D
8.7244,80.32823,336.03,0.44,0.39,2026-08-25,0820,N,nominal,2.0NRT,287.31,4.74,D
10.2144,79.2453,332.07,0.42,0.37,2026-08-25,0822,N,nominal,2.0NRT,277.4,4.51,D
10.21385,79.24151,330.12,0.42,0.37,2026-08-25,0822,N,nominal,2.0NRT,278.65,3.48,D
14.20531,77.38112,337.11,0.39,0.36,2026-08-25,0822,N,nominal,2.0NRT,297.5,3.89,D
14.86806,79.7366,350.15,0.48,0.4,2026-08-25,0822,N,nominal,2.0NRT,299.64,9.7,D
15.65774,78.98273,344.31,0.45,0.39,2026-08-25,0822,N,nominal,2.0NRT,299.23,6.07,D
16.00588,79.10636,330.37,0.46,0.39,2026-08-25,0822,N,nominal,2.0NRT,297.38,1.63,D
17.08652,79.68517,330.79,0.51,0.41,2026-08-25,0822,N,nominal,2.0NRT,293.24,3.75,D
22.88,55.92892,355.58,0.49,0.49,2026-08-25,1006,N,nominal,2.0NRT,317.56,11.79,D
22.87947,55.92406,348.59,0.49,0.49,2026-08-25,1006,N,nominal,2.0NRT,318.27,4.85,D
22.87262,55.61664,348.51,0.47,0.48,2026-08-25,1006,N,low,2.0NRT,319.48,3.17,D
22.92562,55.80584,353.53,0.49,0.48,2026-08-25,1006,N,nominal,2.0NRT,318.04,10.58,D
22.92724,55.80332,349.58,0.49,0.48,2026-08-25,1006,N,nominal,2.0NRT,318.2,8.13,D
38.97215,56.50554,334.77,0.42,0.61,2026-08-25,0830,N,nominal,2.0NRT,304.83,2.02,D
23.27839,54.259,354.61,0.4,0.44,2026-08-25,1006,N,nominal,2.0NRT,322.96,11.57,D
39.24449,56.48059,344.69,0.41,0.61,2026-08-25,0830,N,nominal,2.0NRT,305.83,2.86,D
38.64581,54.28264,345.51,0.55,0.68,2026-08-25,0830,N,nominal,2.0NRT,309.27,4.01,D
38.6825,54.31359,339.8,0.54,0.68,2026-08-25,0830,N,nominal,2.0NRT,307.52,2.65,D
39.26643,56.01537,334.43,0.43,0.62,2026-08-25,0830,N,low,2.0NRT,308.95,2.73,D
39.44381,54.39049,344.05,0.51,0.66,2026-08-25,0830,N,nominal,2.0NRT,307.62,5.84,D
39.44345,54.38866,354.97,0.51,0.66,2026-08-25,0830,N,nominal,2.0NRT,309.08,6.61,D
39.44929,54.38585,352.53,0.51,0.66,2026-08-25,0830,N,nominal,2.0NRT,306.79,6.61,D
24.47141,56.62664,336.98,0.57,0.52,2026-08-25,1006,N,low,2.0NRT,307.25,3.64,D
24.47624,56.62609,338.25,0.57,0.52,2026-08-25,1006,N,nominal,2.0NRT,307.01,3.64,D
24.50341,56.60566,345.75,0.57,0.52,2026-08-25,1006,N,nominal,2.0NRT,308.67,20.71,D
24.50718,56.60822,344.41,0.57,0.52,2026-08-25,1006,N,nominal,2.0NRT,307.49,16.05,D
24.50988,54.02126,340.89,0.4,0.44,2026-08-25,1006,N,nominal,2.0NRT,304.84,5.11,D
24.50942,54.01731,338.93,0.4,0.44,2026-08-25,1006,N,nominal,2.0NRT,304.66,3.56,D
27.16051,56.10329,345.51,0.57,0.52,2026-08-25,1009,N,nominal,2.0NRT,311.46,18.87,D
27.15996,56.09747,336.53,0.57,0.52,2026-08-25,1009,N,low,2.0NRT,309.2,17.89,D
27.17051,56.05489,345.34,0.57,0.52,2026-08-25,1009,N,nominal,2.0NRT,311.39,23.12,D
28.79736,59.17243,355.41,0.46,0.63,2026-08-25,1009,N,nominal,2.0NRT,323.73,4.25,D
29.98888,55.85541,352.44,0.6,0.53,2026-08-25,1009,N,nominal,2.0NRT,317.79,28.81,D
37.11132,55.1837,331.06,0.32,0.55,2026-08-25,1011,N,low,2.0NRT,304.06,1.58,D
37.4736,61.76955,331.32,0.74,0.76,2026-08-25,1011,N,low,2.0NRT,304.7,3.55,D
37.47602,61.76962,331.03,0.74,0.76,2026-08-25,1011,N,low,2.0NRT,305.89,3.7,D
37.88683,58.56969,338.94,0.5,0.66,2026-08-25,1011,N,nominal,2.0NRT,308.68,2.44,D
38.1381,62.13594,335.61,0.78,0.78,2026-08-25,1011,N,low,2.0NRT,309.53,6.97,D
38.59427,57.25063,345.86,0.43,0.62,2026-08-25,1011,N,nominal,2.0NRT,306.16,9.02,D
38.64569,54.28054,346.22,0.6,0.53,2026-08-25,1011,N,low,2.0NRT,317.41,2.95,D
38.97157,56.50067,333.87,0.4,0.6,2026-08-25,1011,N,low,2.0NRT,306.26,2.06,D
39.2719,56.01564,338.18,0.37,0.58,2026-08-25,1011,N,nominal,2.0NRT,307.69,4.36,D
39.44579,54.38559,353.62,0.61,0.54,2026-08-25,1011,N,nominal,2.0NRT,313.85,11.94,D
39.44566,54.38503,353.77,0.62,0.54,2026-08-25,1011,N,nominal,2.0NRT,313.81,14.83,D
27.47396,66.66039,338.2,0.43,0.46,2026-08-25,0826,N,low,2.0NRT,309.03,5.3,D
29.78545,72.26527,343.41,0.38,0.36,2026-08-25,0826,N,nominal,2.0NRT,307.31,3.8,D
30.15438,73.2097,330.18,0.39,0.36,2026-08-25,0826,N,low,2.0NRT,305.01,1.61,D
30.16365,72.41509,342.79,0.38,0.36,2026-08-25,0826,N,nominal,2.0NRT,307.09,3.03,D
30.38699,73.90166,331.03,0.4,0.37,2026-08-25,0826,N,low,2.0NRT,303.76,3.83,D
30.35581,73.60623,330.28,0.4,0.37,2026-08-25,0826,N,low,2.0NRT,301.9,2.79,D
30.26614,72.98603,336.39,0.39,0.36,2026-08-25,0826,N,nominal,2.0NRT,304.45,2.28,D
30.41115,73.77779,332.39,0.4,0.37,2026-08-25,0826,N,nominal,2.0NRT,303.01,1.7,D
30.55025,73.47831,339.44,0.39,0.36,2026-08-25,0826,N,nominal,2.0NRT,308.94,4.79,D
30.6344,73.05245,336.05,0.39,0.36,2026-08-25,0826,N,nominal,2.0NRT,303.52,4.64,D
30.64405,72.29908,333.31,0.38,0.36,2026-08-25,0826,N,nominal,2.0NRT,299.84,2.22,D
30.85566,71.98112,334.02,0.38,0.36,2026-08-25,0826,N,nominal,2.0NRT,300.18,2.21,D
30.8567,71.94377,347.82,0.38,0.36,2026-08-25,0826,N,nominal,2.0NRT,303.01,8.91,D
31.09704,72.31596,335.48,0.38,0.36,2026-08-25,0828,N,low,2.0NRT,307.17,3.38,D
31.09643,72.31196,333.55,0.38,0.36,2026-08-25,0828,N,low,2.0NRT,305.53,2.31,D
31.74621,72.21912,332.48,0.38,0.36,2026-08-25,0828,N,low,2.0NRT,305.23,2.73,D
31.86618,72.92677,332.25,0.39,0.36,2026-08-25,0828,N,low,2.0NRT,306.22,4.26,D
32.57449,72.56425,334.07,0.39,0.36,2026-08-25,0828,N,low,2.0NRT,308.49,4.02,D
35.11407,60.14714,343.34,0.34,0.56,2026-08-25,0828,N,low,2.0NRT,313.38,3.76,D
37.26963,69.03612,334.32,0.39,0.36,2026-08-25,0828,N,low,2.0NRT,306.9,2.74,D
37.11931,62.36452,347.2,0.46,0.47,2026-08-25,0830,N,low,2.0NRT,322.16,16.44,D
38.46249,68.69064,350.05,0.39,0.36,2026-08-25,0830,N,low,2.0NRT,321.46,10.6,D
37.10927,61.0869,340.35,0.54,0.51,2026-08-25,0830,N,low,2.0NRT,315.1,6.24,D
38.2684,61.33395,350.61,0.49,0.49,2026-08-25,0830,N,nominal,2.0NRT,325.05,5.48,D
39.737,67.12144,337.21,0.41,0.37,2026-08-25,0830,N,nominal,2.0NRT,311.47,3.55,D
18.01369,54.57354,346.38,0.54,0.42,2026-08-25,1004,N,nominal,2.0NRT,316.31,22.78,D
18.02146,54.57246,339.37,0.54,0.42,2026-08-25,1004,N,low,2.0NRT,311.94,3.73,D
18.32118,55.10663,353.25,0.39,0.44,2026-08-25,1004,N,nominal,2.0NRT,316.09,2.33,D
19.26641,56.17731,346.25,0.46,0.47,2026-08-25,1004,N,nominal,2.0NRT,309.29,11.62,D
20.21299,55.7139,343.45,0.44,0.46,2026-08-25,1006,N,nominal,2.0NRT,311.45,2.38,D
20.37315,55.93755,347.01,0.46,0.47,2026-08-25,1006,N,nominal,2.0NRT,310.75,11.42,D
20.37752,55.93699,346.78,0.46,0.47,2026-08-25,1006,N,nominal,2.0NRT,309.62,11.42,D
21.00008,56.53216,346.85,0.51,0.49,2026-08-25,1006,N,nominal,2.0NRT,315.19,1.49,D
21.00037,56.53406,346.6,0.51,0.49,2026-08-25,1006,N,nominal,2.0NRT,315.18,1.41,D
21.64873,55.99571,348.7,0.48,0.48,2026-08-25,1006,N,nominal,2.0NRT,314.02,4.66,D
21.93773,57.0709,344.34,0.57,0.52,2026-08-25,1006,N,low,2.0NRT,314.96,3.51,D
22.29139,56.5278,346.76,0.53,0.5,2026-08-25,1006,N,nominal,2.0NRT,316.6,2.11,D
22.3318,56.4654,346.67,0.53,0.5,2026-08-25,1006,N,nominal,2.0NRT,316.38,1.25,D
22.43959,56.69975,349.49,0.55,0.51,2026-08-25,1006,N,low,2.0NRT,320.62,27.04,D
